<plist version="1.0">
<dict>
        <key>PayloadContent</key>
        <array>
                <dict>
                        <key>EmailAddress</key>
                        <string>$email</string>
                        <key>Host</key>
                        <string>HOST.DOMAIN.COM</string>
                        <key>PayloadCertificateUUID</key>
                        <string>$uuids(0)</string>
                        <key>PayloadDescription</key>
                        <string>Configures device for use with Microsoft Exchange ActiveSync services.</string>
                        <key>PayloadDisplayName</key>
                        <string>Exchange ($email)</string>
                        <key>PayloadIdentifier</key>
                        <string>$uuids(4).Exchange ActiveSync</string>
                        <key>PayloadOrganization</key>
                        <string></string>
                        <key>PayloadType</key>
                        <string>com.apple.eas.account</string>
                        <key>PayloadUUID</key>
                        <string>$uuids(1)</string>
                        <key>PayloadVersion</key>
                        <integer>1</integer>
                        <key>UserName</key>
                        <string>$username</string>
                </dict>
                <dict>
                        <key>PayloadCertificateFileName</key>
                        <string>DOMAIN-Issuer-CA</string>
                        <key>PayloadContent</key>
                        <data>
                        CERTIFICATE
                        </data>
                        <key>PayloadDescription</key>
                        <string>Provides device authentication (certificate or identity).</string>
                        <key>PayloadDisplayName</key>
                        <string>DOMAIN-Issuer-CA</string>
                        <key>PayloadIdentifier</key>
                        <string>$uuids(6)</string>
                        <key>PayloadOrganization</key>
                        <string></string>
                        <key>PayloadType</key>
                        <string>com.apple.security.pkcs1</string>
                        <key>PayloadUUID</key>
                        <string>$uuids(2)</string>
                        <key>PayloadVersion</key>
                        <integer>1</integer>
                </dict>
                <dict>
                        <key>PayloadCertificateFileName</key>
                        <string>DOMAIN-Root-CA</string>
                        <key>PayloadContent</key>
                        <data>
                        CERTIFICATE
                        </data>
                        <key>PayloadDescription</key>
                        <string>Provides device authentication (certificate or identity).</string>
                        <key>PayloadDisplayName</key>
                        <string>DOMAIN-Root-CA</string>
                        <key>PayloadIdentifier</key>
                        <string>$uuids(7)</string>
                        <key>PayloadOrganization</key>
                        <string></string>
                        <key>PayloadType</key>
                        <string>com.apple.security.root</string>
                        <key>PayloadUUID</key>
                        <string>$uuids(3)</string>
                        <key>PayloadVersion</key>
                        <integer>1</integer>
                </dict>
                <dict>
                        <key>PayloadContent</key>
                        <dict>
                                <key>Challenge</key>
                                <string>$challenge</string>
                                <key>Key Type</key>
                                <string>RSA</string>
                                <key>Key Usage</key>
                                <integer>0</integer>
                                <key>Keysize</key>
                                <integer>2048</integer>
                                <key>Name</key>
                                <string>CA-IDENT</string>
                                <key>Retries</key>
                                <integer>3</integer>
                                <key>RetryDelay</key>
                                <integer>10</integer>
                                <key>Subject</key>
                                <array>
                                        <array>
                                                <array>
                                                        <string>O</string>
                                                        <string>DOMAIN</string>
                                                </array>
                                        </array>
                                        <array>
                                                <array>
                                                        <string>CN</string>
                                                        <string>$cn</string>
                                                </array>
                                        </array>
                                </array>
                                <key>SubjectAltName</key>
                                <dict>
                                        <key>ntPrincipalName</key>
                                        <string>$upn</string>
                                        <key>rfc822Name</key>
                                        <string>$email</string>
                                </dict>
                                <key>URL</key>
                                <string>http://scep.domain.com/scep</string>
                        </dict>
                        <key>PayloadDescription</key>
                        <string>Configures SCEP</string>
                        <key>PayloadDisplayName</key>
                        <string>SCEP (CA-IDENT)</string>
                        <key>PayloadIdentifier</key>
                        <string>$uuids(8)</string>
                        <key>PayloadOrganization</key>
                        <string></string>
                        <key>PayloadType</key>
                        <string>com.apple.security.scep</string>
                        <key>PayloadUUID</key>
                        <string>$uuids(0)</string>
                        <key>PayloadVersion</key>
                        <integer>1</integer>
                </dict>
        </array>
        <key>PayloadDescription</key>
        <string></string>
        <key>PayloadDisplayName</key>
        <string>Exchange ($email)</string>
        <key>PayloadIdentifier</key>
        <string>$uuids(4)</string>
        <key>PayloadOrganization</key>
        <string></string>
        <key>PayloadRemovalDisallowed</key>
        <false/>
        <key>PayloadType</key>
        <string>Configuration</string>
        <key>PayloadUUID</key>
        <string>$uuids(5)</string>
        <key>PayloadVersion</key>
        <integer>1</integer>
</dict>
</plist>